coconut water,marinara sauce,bananas,,,
bread,eggs,coconut water,tortilla chips,bananas,avocados
avocados,eggs,parmesan cheese,bread,,
bread,coconut water,,,,
orange juice,chicken,bread,,,
tortilla chips,eggs,,,,
parmesan cheese,marinara sauce,tortilla chips,,,
bananas ,bread,eggs,avocados,coconut water,
bread,eggs,chicken,,,
bread,orange juice,tortilla chips,marinara sauce,,
eggs,bananas,avocados,,,
bread,avocados,,,,
parmesan cheese,bread,,,,
bread,marinara sauce,eggs,chicken ,,
chicken,eggs,,,,
tortilla chips,marinara sauce,bananas,,,
coconut water,avocados,chicken,bread,,
bread,avocados,orange juice,,,
parmesan cheese,bread,orange juice,avocados,bananas,
chicken,eggs,orange juice,,,
