chicken,parmesan cheese,,,,
avocados,eggs,bread,,,
coconut water,bananas,,,,
orange juice,eggs,bananas,bread,,
chicken,marinara sauce,bread,avocados,,
tortilla chips,avocados,,,,
eggs,orange juice,bread,parmesan cheese,,
chicken,eggs,avocados,,,
bread,eggs,avocados,marinara sauce,chicken,bananas
bread,eggs,,,,
chicken,orange juice,marinara sauce,,,
avocados,bananas,eggs,,,
tortilla chips,eggs,parmesan cheese,marinara sauce,,
parmesan cheese,bread,chicken,,,
bread,avocados,,,,
eggs,marinara sauce,bread,orange juice,avocados,
chicken,tortilla chips,bananas,eggs,,
avocados,bread,chicken,coconut water,orange juice,bananas
bread,bananas,eggs,orange juice,,
bread,avocados,eggs,coconut water,orange juice,
